Tyre Size (mm),Pressure (Bars),Rim Size (mm),Energy (J)
20,9,19,3.1236
20,9,19,3.3925
20,9,19,3.2761
20,9,19,3.2387
20,9,19,3.1609
20,9,19,3.2724
20,9,19,3.2131
20,9,19,3.3034
20,9,19,3.3741
20,9,19,3.3771
20,9,19,3.1732
20,9,19,3.104
20,9,19,3.2751
20,9,19,3.0519
20,9,19,3.3058
20,9,19,3.2842
20,9,19,3.1743
20,9,19,3.1346
20,9,19,3.2221
20,9,19,3.1777
20,9,19,3.1202
20,9,19,3.2058
20,9,19,3.1082
20,9,19,3.2577
20,9,19,3.3632
20,9,19,3.4018
20,9,19,3.1361
20,9,19,2.9747
20,9,19,3.3162
20,9,19,3.1863
20,9,19,3.2735
20,9,19,3.3174
20,9,19,3.2582
20,9,19,3.0917
20,9,19,3.1607
20,9,19,3.0727
20,9,19,3.2418
20,9,19,3.3022
20,9,19,3.3345
20,9,19,3.18
20,9,19,3.3753
20,9,19,3.299
20,9,19,3.1208
20,9,19,3.2926
20,9,19,3.3964
20,9,19,3.2549
20,9,19,3.2152
20,9,19,3.3763
20,9,19,3.2226
20,9,19,3.2027
20,9,19,3.2265
20,9,19,3.307
20,9,19,3.1957
20,9,19,3.2313
20,9,19,3.3811
20,9,19,3.3083
20,9,19,3.2225
20,9,19,3.3056
20,9,19,3.2928
20,9,19,3.1197
20,8,19,2.9023
20,8,19,2.8577
20,8,19,2.8038
20,8,19,2.8505
20,8,19,2.6494
20,8,19,2.7434
20,8,19,2.6265
20,8,19,2.7684
20,8,19,2.8714
20,8,19,2.9172
20,8,19,2.6455
20,8,19,2.5309
20,8,19,2.8202
20,8,19,2.6647
20,8,19,2.8184
20,8,19,2.8047
20,8,19,2.6503
20,8,19,2.6169
20,8,19,2.7021
20,8,19,2.6399
20,8,19,2.4618
20,8,19,2.6759
20,8,19,2.7353
20,8,19,2.7699
20,8,19,2.5257
20,8,19,2.3615
20,8,19,2.6804
20,8,19,2.5403
20,8,19,2.6713
20,8,19,2.7032
20,8,19,2.5814
20,8,19,2.5409
20,8,19,2.6149
20,8,19,2.4342
20,8,19,2.5663
20,8,19,2.7075
20,8,19,2.7325
20,8,19,2.4729
20,8,19,2.4191
20,8,19,2.623
20,8,19,2.8265
20,8,19,2.9053
20,8,19,2.8878
20,8,19,2.8442
20,8,19,2.7048
20,8,19,2.7895
20,8,19,2.6279
20,8,19,2.8443
20,8,19,2.9955
20,8,19,3.0183
20,8,19,2.7815
20,8,19,2.6677
20,8,19,2.8551
20,8,19,2.6768
20,8,19,2.8923
20,8,19,2.857
20,8,19,2.7545
20,8,19,2.686
20,8,19,2.7965
20,8,19,2.6749
20,7,19,2.1988
20,7,19,2.2845
20,7,19,2.1432
20,7,19,2.2787
20,7,19,2.1849
20,7,19,2.0321
20,7,19,2.2814
20,7,19,2.24
20,7,19,2.3036
20,7,19,2.2979
20,7,19,2.1619
20,7,19,2.1199
20,7,19,2.2306
20,7,19,2.1139
20,7,19,2.2382
20,7,19,2.2138
20,7,19,2.1139
20,7,19,2.2048
20,7,19,2.2342
20,7,19,2.2134
20,7,19,2.2639
20,7,19,2.1529
20,7,19,2.1731
20,7,19,2.0058
20,7,19,2.215
20,7,19,2.2396
20,7,19,2.3068
20,7,19,2.0671
20,7,19,2.0091
20,7,19,2.244
20,7,19,2.0813
20,7,19,2.2387
20,7,19,2.1145
20,7,19,2.073
20,7,19,2.0122
20,7,19,2.188
20,7,19,2.135
20,7,19,2.2774
20,7,19,2.0517
20,7,19,1.9029
20,7,19,2.1397
20,7,19,2.2053
20,7,19,2.1982
20,7,19,2.1839
20,7,19,2.2041
20,7,19,2.0581
20,7,19,2.1361
20,7,19,1.9476
20,7,19,2.1613
20,7,19,2.2912
20,7,19,2.2185
20,7,19,2.0624
20,7,19,2.1541
20,7,19,2.1313
20,7,19,2.1233
20,7,19,2.1372
20,7,19,2.0682
20,7,19,2.1031
20,7,19,2.0203
20,7,19,2.1265
20,6,19,1.612
20,6,19,1.6923
20,6,19,1.6095
20,6,19,1.71
20,6,19,1.7532
20,6,19,1.6108
20,6,19,1.7392
20,6,19,1.6299
20,6,19,1.7272
20,6,19,1.7468
20,6,19,1.6427
20,6,19,1.5717
20,6,19,1.7087
20,6,19,1.5942
20,6,19,1.7822
20,6,19,1.5712
20,6,19,1.4627
20,6,19,1.7111
20,6,19,1.5848
20,6,19,1.7367
20,6,19,1.6225
20,6,19,1.6333
20,6,19,1.6441
20,6,19,1.5378
20,6,19,1.5875
20,6,19,1.6209
20,6,19,1.6326
20,6,19,1.6779
20,6,19,1.6254
20,6,19,1.5951
20,6,19,1.6127
20,6,19,1.6684
20,6,19,1.7371
20,6,19,1.665
20,6,19,1.5164
20,6,19,1.5956
20,6,19,1.6053
20,6,19,1.6325
20,6,19,1.6357
20,6,19,1.6135
20,6,19,1.6084
20,6,19,1.8047
20,6,19,1.5719
20,6,19,1.4856
20,6,19,1.7196
20,6,19,1.5501
20,6,19,1.7254
20,6,19,1.5796
20,6,19,1.6153
20,6,19,1.5156
20,6,19,1.632
20,6,19,1.8148
20,6,19,1.7464
20,6,19,1.6334
20,6,19,1.6804
20,6,19,1.6251
20,6,19,1.6781
20,6,19,1.6202
20,6,19,1.5625
20,6,19,1.5871
20,5,19,1.1477
20,5,19,1.2424
20,5,19,1.1996
20,5,19,1.2344
20,5,19,1.1484
20,5,19,1.1147
20,5,19,1.2134
20,5,19,1.2514
20,5,19,1.3342
20,5,19,1.0857
20,5,19,1.1988
20,5,19,1.1774
20,5,19,1.1682
20,5,19,1.1633
20,5,19,1.0887
20,5,19,1.16
20,5,19,1.0607
20,5,19,1.2386
20,5,19,1.0875
20,5,19,1.0866
20,5,19,1.1183
20,5,19,1.0835
20,5,19,1.1512
20,5,19,1.3446
20,5,19,1.133
20,5,19,1.1765
20,5,19,1.238
20,5,19,1.2234
20,5,19,1.1749
20,5,19,1.15
20,5,19,1.1928
20,5,19,1.1075
20,5,19,1.2645
20,5,19,1.1721
20,5,19,1.1426
20,5,19,1.2397
20,5,19,1.1645
20,5,19,1.2354
20,5,19,1.1822
20,5,19,1.1681
20,5,19,1.1545
20,5,19,1.1435
20,5,19,1.2604
20,5,19,1.1676
20,5,19,1.2083
20,5,19,1.16
20,5,19,1.2046
20,5,19,1.0992
20,5,19,1.1702
20,5,19,1.2
20,5,19,1.1393
20,5,19,1.1935
20,5,19,1.1379
20,5,19,1.1743
20,5,19,1.1028
20,5,19,1.1269
20,5,19,1.1183
20,5,19,1.1805
20,5,19,1.2542
20,5,19,1.2791
20,4,19,0.8752
20,4,19,1.0059
20,4,19,0.847
20,4,19,0.9376
20,4,19,0.9806
20,4,19,0.9552
20,4,19,0.9362
20,4,19,0.8631
20,4,19,0.9436
20,4,19,0.8977
20,4,19,1.0321
20,4,19,0.9004
20,4,19,1.0744
20,4,19,0.9622
20,4,19,0.9492
20,4,19,0.9266
20,4,19,0.9019
20,4,19,0.9938
20,4,19,0.9906
20,4,19,1.1064
20,4,19,0.9024
20,4,19,0.9552
20,4,19,0.8908
20,4,19,1.0086
20,4,19,0.8847
20,4,19,0.9837
20,4,19,0.9948
20,4,19,0.9725
20,4,19,0.952
20,4,19,0.885
20,4,19,0.9618
20,4,19,1.0485
20,4,19,1.0808
20,4,19,0.9057
20,4,19,1.0075
20,4,19,0.9773
20,4,19,0.9664
20,4,19,0.9153
20,4,19,0.9346
20,4,19,1.0008
20,4,19,0.9583
20,4,19,0.8924
20,4,19,0.9658
20,4,19,0.9242
20,4,19,1.082
20,4,19,0.934
20,4,19,1.0865
20,4,19,1.0079
20,4,19,1.0121
20,4,19,0.9854
20,4,19,0.9272
20,4,19,1.0291
20,4,19,0.995
20,4,19,1.1525
20,4,19,0.9884
20,4,19,1.0418
20,4,19,1.0008
20,4,19,0.9754
20,4,19,0.9696
20,4,19,0.9271
23,9,19,3.174
23,9,19,3.0916
23,9,19,3.1277
23,9,19,3.1177
23,9,19,3.1089
23,9,19,3.1094
23,9,19,3.0576
23,9,19,3.1211
23,9,19,3.0945
23,9,19,2.9889
23,9,19,3.0703
23,9,19,3.0061
23,9,19,3.0002
23,9,19,3.0365
23,9,19,2.8467
23,9,19,3.0005
23,9,19,2.8828
23,9,19,2.9657
23,9,19,2.8923
23,9,19,2.9949
23,9,19,2.9979
23,9,19,3.0888
23,9,19,3.0231
23,9,19,3.009
23,9,19,3.0778
23,9,19,2.9706
23,9,19,3.0524
23,9,19,2.968
23,9,19,3.0611
23,9,19,3.0261
23,9,19,3.1361
23,9,19,3.0017
23,9,19,3.0763
23,9,19,3.0891
23,9,19,3.0718
23,9,19,3.1419
23,9,19,3.0692
23,9,19,3.2573
23,9,19,3.0641
23,9,19,3.3001
23,9,19,3.0537
23,9,19,2.8575
23,9,19,3.0948
23,9,19,2.9446
23,9,19,3.1523
23,9,19,2.9716
23,9,19,3.1691
23,9,19,3.0021
23,9,19,3.2476
23,9,19,2.9346
23,9,19,3.218
23,9,19,3.0134
23,9,19,3.2703
23,9,19,3.1145
23,9,19,3.2775
23,9,19,3.1017
23,9,19,3.2076
23,9,19,3.1179
23,9,19,3.1824
23,9,19,3.0845
23,8,19,2.6178
23,8,19,2.658
23,8,19,2.7645
23,8,19,2.6673
23,8,19,2.8563
23,8,19,2.6308
23,8,19,2.8964
23,8,19,2.5882
23,8,19,2.8521
23,8,19,2.5856
23,8,19,2.6961
23,8,19,2.5327
23,8,19,2.5842
23,8,19,2.4809
23,8,19,2.5549
23,8,19,2.4836
23,8,19,2.5845
23,8,19,2.4891
23,8,19,2.6747
23,8,19,2.4184
23,8,19,2.7682
23,8,19,3.0397
23,8,19,2.7522
23,8,19,3.0129
23,8,19,2.7773
23,8,19,2.9199
23,8,19,2.8208
23,8,19,2.8838
23,8,19,2.9373
23,8,19,2.7857
23,8,19,3.0825
23,8,19,2.7512
23,8,19,3.0505
23,8,19,2.6702
23,8,19,2.9735
23,8,19,2.6409
23,8,19,2.8245
23,8,19,2.5987
23,8,19,2.6709
23,8,19,2.6091
23,8,19,2.6685
23,8,19,2.498
23,8,19,2.7605
23,8,19,2.424
23,8,19,2.7453
23,8,19,2.4797
23,8,19,2.7478
23,8,19,2.4831
23,8,19,2.6101
23,8,19,2.5969
23,8,19,2.5316
23,8,19,2.7217
23,8,19,2.4484
23,8,19,2.7132
23,8,19,2.369
23,8,19,2.5216
23,8,19,2.3288
23,8,19,2.4776
23,8,19,2.3644
23,8,19,2.3713
23,7,19,2.2486
23,7,19,2.263
23,7,19,2.2622
23,7,19,2.224
23,7,19,2.2442
23,7,19,2.1497
23,7,19,2.1932
23,7,19,2.0662
23,7,19,2.1707
23,7,19,2.1323
23,7,19,2.2048
23,7,19,2.1619
23,7,19,2.2859
23,7,19,2.1665
23,7,19,2.4168
23,7,19,2.1673
23,7,19,2.4451
23,7,19,2.1352
23,7,19,2.3447
23,7,19,2.2204
23,7,19,2.1636
23,7,19,2.4754
23,7,19,2.2303
23,7,19,2.3167
23,7,19,2.3746
23,7,19,2.216
23,7,19,2.4577
23,7,19,2.1237
23,7,19,2.2702
23,7,19,2.0714
23,7,19,2.1713
23,7,19,2.1723
23,7,19,2.1389
23,7,19,2.1985
23,7,19,2.3226
23,7,19,2.201
23,7,19,2.3702
23,7,19,2.1404
23,7,19,2.3799
23,7,19,2.1048
23,7,19,1.9095
23,7,19,2.0403
23,7,19,1.9655
23,7,19,1.9646
23,7,19,1.9764
23,7,19,1.9605
23,7,19,1.9749
23,7,19,2.0334
23,7,19,1.9416
23,7,19,1.9628
23,7,19,1.8644
23,7,19,1.9906
23,7,19,1.9029
23,7,19,1.9595
23,7,19,1.9054
23,7,19,2.0557
23,7,19,1.8229
23,7,19,2.1076
23,7,19,1.827
23,7,19,2.0312
23,6,19,1.564
23,6,19,1.6403
23,6,19,1.5703
23,6,19,1.6804
23,6,19,1.5909
23,6,19,1.8036
23,6,19,1.6118
23,6,19,1.7958
23,6,19,1.6273
23,6,19,1.6929
23,6,19,1.7898
23,6,19,1.5657
23,6,19,1.7232
23,6,19,1.4952
23,6,19,1.5016
23,6,19,1.5667
23,6,19,1.6653
23,6,19,1.5843
23,6,19,1.7156
23,6,19,1.5379
23,6,19,1.5564
23,6,19,1.7681
23,6,19,1.7137
23,6,19,1.7133
23,6,19,1.7124
23,6,19,1.7204
23,6,19,1.5197
23,6,19,1.6088
23,6,19,1.5421
23,6,19,1.7156
23,6,19,1.644
23,6,19,1.7919
23,6,19,1.6145
23,6,19,1.9099
23,6,19,1.5918
23,6,19,1.8128
23,6,19,1.8261
23,6,19,1.6051
23,6,19,1.8151
23,6,19,1.4866
23,6,19,1.3965
23,6,19,1.6217
23,6,19,1.489
23,6,19,1.5294
23,6,19,1.5011
23,6,19,1.5395
23,6,19,1.4434
23,6,19,1.5657
23,6,19,1.4243
23,6,19,1.5667
23,6,19,1.4727
23,6,19,1.5829
23,6,19,1.3887
23,6,19,1.685
23,6,19,1.4574
23,6,19,1.5022
23,6,19,1.6121
23,6,19,1.3608
23,6,19,1.5534
23,6,19,1.3859
23,5,19,1.1166
23,5,19,1.1811
23,5,19,1.0745
23,5,19,1.2547
23,5,19,1.0218
23,5,19,1.1302
23,5,19,0.9903
23,5,19,1.1789
23,5,19,1.0426
23,5,19,1.1771
23,5,19,1.1777
23,5,19,1.1477
23,5,19,1.009
23,5,19,1.0749
23,5,19,0.9956
23,5,19,1.1599
23,5,19,1.0222
23,5,19,1.2355
23,5,19,1.071
23,5,19,1.1427
23,5,19,0.9905
23,5,19,1.0324
23,5,19,1.2288
23,5,19,1.0318
23,5,19,1.1857
23,5,19,1.0258
23,5,19,1.1056
23,5,19,0.9652
23,5,19,1.1861
23,5,19,1.1179
23,5,19,1.1217
23,5,19,1.1557
23,5,19,1.0706
23,5,19,0.8983
23,5,19,1.0659
23,5,19,0.957
23,5,19,1.1754
23,5,19,1.0202
23,5,19,1.2276
23,5,19,1.1007
23,5,19,0.8934
23,5,19,1.0723
23,5,19,0.8964
23,5,19,1.0636
23,5,19,1.0402
23,5,19,0.8911
23,5,19,0.976
23,5,19,0.8945
23,5,19,0.9795
23,5,19,1.0358
23,5,19,1.1444
23,5,19,0.8931
23,5,19,0.9716
23,5,19,0.7359
23,5,19,0.9638
23,5,19,0.8877
23,5,19,0.9774
23,5,19,0.9884
23,5,19,0.9819
23,5,19,0.8607
23,4,19,0.6857
23,4,19,0.6355
23,4,19,0.6447
23,4,19,0.5123
23,4,19,0.6891
23,4,19,0.6247
23,4,19,0.7495
23,4,19,0.7075
23,4,19,0.6283
23,4,19,0.6059
23,4,19,0.6716
23,4,19,0.723
23,4,19,0.6203
23,4,19,0.6908
23,4,19,0.575
23,4,19,0.6882
23,4,19,0.6601
23,4,19,0.6712
23,4,19,0.6996
23,4,19,0.6654
23,4,19,0.5128
23,4,19,0.7237
23,4,19,0.6597
23,4,19,0.7435
23,4,19,0.7264
23,4,19,0.6171
23,4,19,0.622
23,4,19,0.6456
23,4,19,0.7293
23,4,19,0.613
23,4,19,0.6546
23,4,19,0.5984
23,4,19,0.6737
23,4,19,0.7345
23,4,19,0.6369
23,4,19,0.5901
23,4,19,0.6187
23,4,19,0.4749
23,4,19,0.6567
23,4,19,0.6186
23,4,19,0.4903
23,4,19,0.6225
23,4,19,0.5158
23,4,19,0.5843
23,4,19,0.5728
23,4,19,0.4915
23,4,19,0.5483
23,4,19,0.6251
23,4,19,0.6429
23,4,19,0.4202
23,4,19,0.5067
23,4,19,0.4657
23,4,19,0.5172
23,4,19,0.5966
23,4,19,0.5629
23,4,19,0.497
23,4,19,0.5544
23,4,19,0.4875
23,4,19,0.6178
23,4,19,0.519
23,3,19,0.3625
23,3,19,0.3893
23,3,19,0.3466
23,3,19,0.446
23,3,19,0.4416
23,3,19,0.3941
23,3,19,0.3824
23,3,19,0.432
23,3,19,0.4396
23,3,19,0.3557
23,3,19,0.3995
23,3,19,0.4444
23,3,19,0.4109
23,3,19,0.3234
23,3,19,0.4016
23,3,19,0.3541
23,3,19,0.4704
23,3,19,0.4258
23,3,19,0.3917
23,3,19,0.402
23,3,19,0.4176
23,3,19,0.3683
23,3,19,0.4166
23,3,19,0.3907
23,3,19,0.296
23,3,19,0.4531
23,3,19,0.4414
23,3,19,0.4078
23,3,19,0.3693
23,3,19,0.4078
23,3,19,0.4622
23,3,19,0.3833
23,3,19,0.3896
23,3,19,0.4131
23,3,19,0.3794
23,3,19,0.3794
23,3,19,0.3927
23,3,19,0.3157
23,3,19,0.4554
23,3,19,0.438
23,3,19,0.3274
23,3,19,0.4262
23,3,19,0.3824
23,3,19,0.3748
23,3,19,0.3649
23,3,19,0.4332
23,3,19,0.4175
23,3,19,0.3005
23,3,19,0.341
23,3,19,0.3781
23,3,19,0.3883
23,3,19,0.3828
23,3,19,0.3917
23,3,19,0.3451
23,3,19,0.4316
23,3,19,0.3867
23,3,19,0.3418
23,3,19,0.3617
23,3,19,0.4476
23,3,19,0.4101
25,9,19,3.413
25,9,19,3.4108
25,9,19,3.5776
25,9,19,3.5597
25,9,19,3.5331
25,9,19,3.4715
25,9,19,3.4418
25,9,19,3.3938
25,9,19,3.4416
25,9,19,3.2728
25,9,19,3.5946
25,9,19,3.5413
25,9,19,3.5493
25,9,19,3.4983
25,9,19,3.4708
25,9,19,3.4215
25,9,19,3.4086
25,9,19,3.5412
25,9,19,3.5033
25,9,19,3.467
25,9,19,3.4664
25,9,19,3.4955
25,9,19,3.5367
25,9,19,3.5711
25,9,19,3.4851
25,9,19,3.3793
25,9,19,3.4823
25,9,19,3.3116
25,9,19,3.3499
25,9,19,3.4901
25,9,19,3.327
25,9,19,3.5425
25,9,19,3.4756
25,9,19,3.4387
25,9,19,3.3943
25,9,19,3.4031
25,9,19,3.2803
25,9,19,3.4088
25,9,19,3.4405
25,9,19,3.3428
25,9,19,3.4555
25,9,19,3.5348
25,9,19,3.4635
25,9,19,3.3258
25,9,19,3.2848
25,9,19,3.3086
25,9,19,3.3622
25,9,19,3.4483
25,9,19,3.4445
25,9,19,3.3855
25,9,19,3.213
25,9,19,3.2952
25,9,19,3.1085
25,9,19,3.184
25,9,19,3.4459
25,9,19,3.2479
25,9,19,3.3773
25,9,19,3.3526
25,9,19,3.186
25,9,19,3.336
25,8,19,3.413
25,8,19,3.4108
25,8,19,3.5776
25,8,19,3.5597
25,8,19,3.5331
25,8,19,3.4715
25,8,19,3.4418
25,8,19,3.3938
25,8,19,3.4416
25,8,19,3.2728
25,8,19,3.5946
25,8,19,3.5413
25,8,19,3.5493
25,8,19,3.4983
25,8,19,3.4708
25,8,19,3.4215
25,8,19,3.4086
25,8,19,3.5412
25,8,19,3.5033
25,8,19,3.467
25,8,19,3.4664
25,8,19,3.4955
25,8,19,3.5367
25,8,19,3.5711
25,8,19,3.4851
25,8,19,3.3793
25,8,19,3.4823
25,8,19,3.3116
25,8,19,3.3499
25,8,19,3.4901
25,8,19,3.327
25,8,19,3.5425
25,8,19,3.4756
25,8,19,3.4387
25,8,19,3.3943
25,8,19,3.4031
25,8,19,3.2803
25,8,19,3.4088
25,8,19,3.4405
25,8,19,3.3428
25,8,19,3.4555
25,8,19,3.5348
25,8,19,3.4635
25,8,19,3.3258
25,8,19,3.2848
25,8,19,3.3086
25,8,19,3.3622
25,8,19,3.4483
25,8,19,3.4445
25,8,19,3.3855
25,8,19,3.213
25,8,19,3.2952
25,8,19,3.1085
25,8,19,3.184
25,8,19,3.4459
25,8,19,3.2479
25,8,19,3.3773
25,8,19,3.3526
25,8,19,3.186
25,8,19,3.336
25,7,19,2.4979
25,7,19,2.4766
25,7,19,2.4862
25,7,19,2.4589
25,7,19,2.4745
25,7,19,2.499
25,7,19,2.5084
25,7,19,2.5149
25,7,19,2.4767
25,7,19,2.4831
25,7,19,2.5002
25,7,19,2.4499
25,7,19,2.3751
25,7,19,2.4029
25,7,19,2.3596
25,7,19,2.3311
25,7,19,2.3148
25,7,19,2.2877
25,7,19,2.3811
25,7,19,2.292
25,7,19,2.48
25,7,19,2.5025
25,7,19,3.148
25,7,19,2.4171
25,7,19,2.4123
25,7,19,2.3344
25,7,19,2.4198
25,7,19,2.3175
25,7,19,2.4595
25,7,19,2.3274
25,7,19,2.5102
25,7,19,2.3727
25,7,19,2.5571
25,7,19,2.414
25,7,19,2.4746
25,7,19,2.4552
25,7,19,2.4835
25,7,19,2.4899
25,7,19,2.4427
25,7,19,2.3282
25,7,19,2.6555
25,7,19,2.4713
25,7,19,2.5693
25,7,19,2.5862
25,7,19,2.5025
25,7,19,2.449
25,7,19,2.3348
25,7,19,2.4603
25,7,19,2.366
25,7,19,2.4058
25,7,19,2.44
25,7,19,2.4335
25,7,19,2.4573
25,7,19,2.4592
25,7,19,2.42
25,7,19,2.4457
25,7,19,2.3463
25,7,19,2.4329
25,7,19,2.3952
25,7,19,2.3721
25,6,19,1.7259
25,6,19,1.9752
25,6,19,1.7407
25,6,19,2.0023
25,6,19,1.7705
25,6,19,2.0057
25,6,19,1.8131
25,6,19,2.0085
25,6,19,1.8444
25,6,19,2.0242
25,6,19,1.8811
25,6,19,2.008
25,6,19,1.8819
25,6,19,2.0038
25,6,19,1.9356
25,6,19,1.9591
25,6,19,1.9794
25,6,19,1.9455
25,6,19,2.0111
25,6,19,1.9302
25,6,19,1.6302
25,6,19,1.8367
25,6,19,1.7101
25,6,19,1.8234
25,6,19,1.7107
25,6,19,1.8232
25,6,19,1.7453
25,6,19,1.8093
25,6,19,1.7497
25,6,19,1.8147
25,6,19,1.7568
25,6,19,1.7875
25,6,19,1.741
25,6,19,1.7496
25,6,19,1.6838
25,6,19,1.7259
25,6,19,1.7212
25,6,19,1.7388
25,6,19,1.7097
25,6,19,1.6932
25,6,19,1.7838
25,6,19,1.8322
25,6,19,1.7318
25,6,19,1.7976
25,6,19,1.7518
25,6,19,1.7732
25,6,19,1.7909
25,6,19,1.7345
25,6,19,1.7602
25,6,19,1.763
25,6,19,1.8103
25,6,19,1.7132
25,6,19,1.8494
25,6,19,1.732
25,6,19,1.8507
25,6,19,1.7213
25,6,19,1.9685
25,6,19,1.7557
25,6,19,1.9394
25,6,19,1.7105
25,5,19,1.241
25,5,19,1.13
25,5,19,1.2007
25,5,19,1.0828
25,5,19,1.186
25,5,19,1.1105
25,5,19,1.1078
25,5,19,1.1398
25,5,19,1.0861
25,5,19,1.0954
25,5,19,1.1426
25,5,19,1.1604
25,5,19,1.1437
25,5,19,1.1859
25,5,19,1.1353
25,5,19,1.2157
25,5,19,1.1258
25,5,19,1.1876
25,5,19,1.1714
25,5,19,1.2279
25,5,19,1.1356
25,5,19,1.1243
25,5,19,1.1814
25,5,19,1.1077
25,5,19,1.1756
25,5,19,1.0671
25,5,19,1.1784
25,5,19,1.0887
25,5,19,1.1765
25,5,19,1.0937
25,5,19,1.1661
25,5,19,1.1289
25,5,19,1.1449
25,5,19,1.1367
25,5,19,1.1556
25,5,19,1.1455
25,5,19,1.1534
25,5,19,1.146
25,5,19,1.1414
25,5,19,1.1103
25,5,19,1.4032
25,5,19,1.3047
25,5,19,1.3771
25,5,19,1.2784
25,5,19,1.3922
25,5,19,1.2651
25,5,19,1.3737
25,5,19,1.2623
25,5,19,1.3263
25,5,19,1.2872
25,5,19,1.3132
25,5,19,1.2956
25,5,19,1.2719
25,5,19,1.308
25,5,19,1.2894
25,5,19,1.2996
25,5,19,1.2841
25,5,19,1.3047
25,5,19,1.3058
25,5,19,1.3206
25,4,19,0.5443
25,4,19,0.7525
25,4,19,0.5899
25,4,19,0.6754
25,4,19,0.6767
25,4,19,0.6635
25,4,19,0.7258
25,4,19,0.7061
25,4,19,0.7524
25,4,19,0.7562
25,4,19,0.7687
25,4,19,0.7471
25,4,19,0.8022
25,4,19,0.7601
25,4,19,0.7807
25,4,19,0.7953
25,4,19,0.7821
25,4,19,0.7788
25,4,19,0.7179
25,4,19,0.8137
25,4,19,0.7333
25,4,19,0.6329
25,4,19,0.7722
25,4,19,0.6303
25,4,19,0.6571
25,4,19,0.6896
25,4,19,0.5068
25,4,19,0.6868
25,4,19,0.5325
25,4,19,0.6871
25,4,19,0.6345
25,4,19,0.6481
25,4,19,0.7043
25,4,19,0.6434
25,4,19,0.7616
25,4,19,0.6371
25,4,19,0.8203
25,4,19,0.6249
25,4,19,0.7952
25,4,19,0.6003
25,4,19,0.7496
25,4,19,0.5782
25,4,19,0.6713
25,4,19,0.5856
25,4,19,0.629
25,4,19,0.6305
25,4,19,0.5765
25,4,19,0.6429
25,4,19,0.572
25,4,19,0.6312
25,4,19,0.6138
25,4,19,0.6448
25,4,19,0.6468
25,4,19,0.6744
25,4,19,0.6479
25,4,19,0.6996
25,4,19,0.6868
25,4,19,0.6594
25,4,19,0.7396
25,4,19,0.6299
25,3,19,0.496
25,3,19,0.4462
25,3,19,0.5057
25,3,19,0.4655
25,3,19,0.4608
25,3,19,0.4797
25,3,19,0.3994
25,3,19,0.4471
25,3,19,0.4088
25,3,19,0.4377
25,3,19,0.4364
25,3,19,0.4522
25,3,19,0.4417
25,3,19,0.4993
25,3,19,0.4568
25,3,19,0.5423
25,3,19,0.4726
25,3,19,0.3301
25,3,19,0.4074
25,3,19,0.3017
25,3,19,0.4142
25,3,19,0.4026
25,3,19,0.3606
25,3,19,0.4529
25,3,19,0.3841
25,3,19,0.4755
25,3,19,0.4396
25,3,19,0.4277
25,3,19,0.459
25,3,19,0.4283
25,3,19,0.4036
25,3,19,0.4439
25,3,19,0.4084
25,3,19,0.3204
25,3,19,0.4306
25,3,19,0.3389
25,3,19,0.3924
25,3,19,0.4825
25,3,19,0.351
25,3,19,0.4698
25,3,19,0.4244
25,3,19,0.4648
25,3,19,0.4896
25,3,19,0.4412
25,3,19,0.4491
25,3,19,0.4533
25,3,19,0.3938
25,3,19,0.4043
25,3,19,0.4426
25,3,19,0.3289
25,3,19,0.4265
25,3,19,0.4097
25,3,19,0.4058
25,3,19,0.5266
25,3,19,0.3829
25,3,19,0.487
25,3,19,0.3727
25,3,19,0.393
25,3,19,0.4228
25,3,19,0.3809
25,2,19,0.2686
25,2,19,0.3132
25,2,19,0.3056
25,2,19,0.3671
25,2,19,0.3465
25,2,19,0.2802
25,2,19,0.3322
25,2,19,0.3269
25,2,19,0.3461
25,2,19,0.3437
25,2,19,0.3374
25,2,19,0.3177
25,2,19,0.2422
25,2,19,0.2574
25,2,19,0.3111
25,2,19,0.3003
25,2,19,0.3492
25,2,19,0.3294
25,2,19,0.2759
25,2,19,0.3267
25,2,19,0.2475
25,2,19,0.3226
25,2,19,0.2571
25,2,19,0.2663
25,2,19,0.3505
25,2,19,0.3111
25,2,19,0.3364
25,2,19,0.3208
25,2,19,0.2529
25,2,19,0.2877
25,2,19,0.2616
25,2,19,0.3087
25,2,19,0.3047
25,2,19,0.2555
25,2,19,0.319
25,2,19,0.265
25,2,19,0.2576
25,2,19,0.3652
25,2,19,0.3209
25,2,19,0.3251
25,2,19,0.3155
25,2,19,0.2779
25,2,19,0.2659
25,2,19,0.343
25,2,19,0.2418
25,2,19,0.2788
25,2,19,0.348
25,2,19,0.2748
25,2,19,0.3777
25,2,19,0.3585
25,2,19,0.2777
25,2,19,0.3075
25,2,19,0.248
25,2,19,0.2982
25,2,19,0.2836
25,2,19,0.2731
25,2,19,0.3377
25,2,19,0.2484
25,2,19,0.281
25,2,19,0.3572
28,9,19,4.3613
28,9,19,4.3038
28,9,19,4.4121
28,9,19,4.3425
28,9,19,4.1112
28,9,19,4.3278
28,9,19,4.3898
28,9,19,4.3806
28,9,19,4.352
28,9,19,4.0762
28,9,19,4.3905
28,9,19,4.3844
28,9,19,4.2426
28,9,19,4.2632
28,9,19,4.296
28,9,19,4.0758
28,9,19,4.2311
28,9,19,4.3565
28,9,19,4.1873
28,9,19,4.32
28,9,19,4.5387
28,9,19,4.262
28,9,19,4.4638
28,9,19,4.1982
28,9,19,4.3408
28,9,19,4.388
28,9,19,4.381
28,9,19,4.3487
28,9,19,4.349
28,9,19,4.1517
28,9,19,4.3565
28,9,19,4.5216
28,9,19,4.3221
28,9,19,4.4509
28,9,19,4.1363
28,9,19,4.4182
28,9,19,4.4362
28,9,19,4.2961
28,9,19,4.4222
28,9,19,4.4104
28,9,19,4.1614
28,9,19,4.4298
28,9,19,4.3698
28,9,19,4.2471
28,9,19,4.4513
28,9,19,4.3951
28,9,19,4.4176
28,9,19,4.4271
28,9,19,4.0787
28,9,19,4.3555
28,9,19,4.4799
28,9,19,4.4929
28,9,19,4.4478
28,9,19,4.1022
28,9,19,4.4511
28,9,19,4.3265
28,9,19,4.343
28,9,19,4.4473
28,9,19,4.3895
28,9,19,4.148
28,8,19,4.0499
28,8,19,3.9347
28,8,19,3.9933
28,8,19,3.9877
28,8,19,3.7351
28,8,19,3.9482
28,8,19,4.0185
28,8,19,3.8409
28,8,19,3.9729
28,8,19,3.7814
28,8,19,3.913
28,8,19,3.7852
28,8,19,3.9889
28,8,19,3.896
28,8,19,4.0843
28,8,19,3.916
28,8,19,3.9203
28,8,19,3.8427
28,8,19,3.7941
28,8,19,3.9071
28,8,19,4.0051
28,8,19,4.0015
28,8,19,3.7746
28,8,19,3.9551
28,8,19,4.0917
28,8,19,3.9929
28,8,19,3.9994
28,8,19,3.675
28,8,19,3.9379
28,8,19,3.9954
28,8,19,3.888
28,8,19,3.8325
28,8,19,3.8969
28,8,19,3.6446
28,8,19,3.8056
28,8,19,3.9648
28,8,19,3.8002
28,8,19,3.9252
28,8,19,3.553
28,8,19,3.7297
28,8,19,4.2634
28,8,19,4.13
28,8,19,4.3291
28,8,19,4.2193
28,8,19,3.973
28,8,19,4.0883
28,8,19,4.1874
28,8,19,4.4128
28,8,19,4.1486
28,8,19,3.8646
28,8,19,4.2163
28,8,19,4.1613
28,8,19,4.0564
28,8,19,4.2892
28,8,19,4.1356
28,8,19,3.9377
28,8,19,3.9839
28,8,19,4.1428
28,8,19,4.2668
28,8,19,4.0589
28,7,19,3.6332
28,7,19,3.5315
28,7,19,3.27
28,7,19,3.5032
28,7,19,3.5718
28,7,19,3.4443
28,7,19,3.4172
28,7,19,3.5898
28,7,19,3.4764
28,7,19,3.4898
28,7,19,3.2895
28,7,19,3.4412
28,7,19,3.6032
28,7,19,3.3017
28,7,19,3.4068
28,7,19,3.2496
28,7,19,3.3443
28,7,19,3.2583
28,7,19,3.5327
28,7,19,3.4987
28,7,19,3.6326
28,7,19,3.3633
28,7,19,3.4943
28,7,19,3.361
28,7,19,3.311
28,7,19,3.3013
28,7,19,3.414
28,7,19,3.3617
28,7,19,3.456
28,7,19,3.5659
28,7,19,3.4588
28,7,19,3.1128
28,7,19,3.318
28,7,19,3.4554
28,7,19,3.2688
28,7,19,3.3816
28,7,19,3.2241
28,7,19,3.3015
28,7,19,3.2863
28,7,19,3.3647
28,7,19,3.3217
28,7,19,3.4237
28,7,19,3.2178
28,7,19,3.3734
28,7,19,3.4752
28,7,19,3.035
28,7,19,3.2829
28,7,19,3.2858
28,7,19,3.272
28,7,19,3.1514
28,7,19,3.3092
28,7,19,3.3101
28,7,19,3.3609
28,7,19,3.3296
28,7,19,3.2929
28,7,19,3.1196
28,7,19,3.1953
28,7,19,3.3992
28,7,19,3.3684
28,7,19,3.3453
28,6,19,2.7927
28,6,19,2.7636
28,6,19,2.782
28,6,19,2.8599
28,6,19,2.8295
28,6,19,2.7579
28,6,19,2.8407
28,6,19,2.6459
28,6,19,2.8487
28,6,19,2.7284
28,6,19,2.752
28,6,19,2.8603
28,6,19,2.7554
28,6,19,2.7879
28,6,19,2.7065
28,6,19,2.7347
28,6,19,2.5852
28,6,19,2.8416
28,6,19,2.8273
28,6,19,2.7561
28,6,19,2.8081
28,6,19,2.7036
28,6,19,2.7728
28,6,19,2.5778
28,6,19,2.9094
28,6,19,2.8863
28,6,19,2.7089
28,6,19,2.7036
28,6,19,2.7937
28,6,19,2.7294
28,6,19,2.8941
28,6,19,2.6761
28,6,19,2.6161
28,6,19,2.8654
28,6,19,2.7519
28,6,19,2.791
28,6,19,2.5776
28,6,19,2.6965
28,6,19,2.6171
28,6,19,2.8364
28,6,19,2.644
28,6,19,2.5945
28,6,19,2.3387
28,6,19,2.5916
28,6,19,2.7415
28,6,19,2.3294
28,6,19,2.4974
28,6,19,2.6799
28,6,19,2.5678
28,6,19,2.318
28,6,19,2.5879
28,6,19,2.6265
28,6,19,2.5468
28,6,19,2.4576
28,6,19,2.579
28,6,19,2.6055
28,6,19,2.5665
28,6,19,2.2926
28,6,19,2.5173
28,6,19,2.6702
28,5,19,1.9659
28,5,19,1.8916
28,5,19,2.0416
28,5,19,2.0643
28,5,19,1.9792
28,5,19,1.9287
28,5,19,1.9564
28,5,19,1.9533
28,5,19,2.0681
28,5,19,1.8804
28,5,19,1.9858
28,5,19,1.7853
28,5,19,2.0458
28,5,19,1.9298
28,5,19,1.8914
28,5,19,2.0452
28,5,19,1.7824
28,5,19,1.8674
28,5,19,2.0204
28,5,19,2.0253
28,5,19,2.0493
28,5,19,1.8648
28,5,19,2.0135
28,5,19,1.8379
28,5,19,2.1035
28,5,19,2.0623
28,5,19,2.0474
28,5,19,1.9553
28,5,19,2.0148
28,5,19,2.33
28,5,19,2.0942
28,5,19,1.9389
28,5,19,2.0251
28,5,19,1.8885
28,5,19,1.9089
28,5,19,2.1396
28,5,19,1.8208
28,5,19,1.9664
28,5,19,2.1365
28,5,19,2.0207
28,5,19,1.9129
28,5,19,1.9023
28,5,19,1.8922
28,5,19,1.8648
28,5,19,1.6402
28,5,19,1.8394
28,5,19,1.8413
28,5,19,1.9557
28,5,19,1.9416
28,5,19,1.7962
28,5,19,1.8106
28,5,19,1.8954
28,5,19,1.9041
28,5,19,1.9601
28,5,19,1.6792
28,5,19,1.8975
28,5,19,1.8196
28,5,19,1.7699
28,5,19,2.0251
28,5,19,1.6836
28,4,19,1.2074
28,4,19,1.1942
28,4,19,1.1514
28,4,19,1.303
28,4,19,1.1687
28,4,19,1.2484
28,4,19,1.1203
28,4,19,1.2067
28,4,19,1.0636
28,4,19,1.234
28,4,19,1.0401
28,4,19,1.2511
28,4,19,1.1118
28,4,19,1.2279
28,4,19,1.2045
28,4,19,1.1218
28,4,19,1.2716
28,4,19,1.0142
28,4,19,1.1858
28,4,19,1.1423
28,4,19,1.1646
28,4,19,1.2691
28,4,19,1.2299
28,4,19,1.2724
28,4,19,1.1848
28,4,19,1.2882
28,4,19,1.1079
28,4,19,1.217
28,4,19,1.1165
28,4,19,1.2094
28,4,19,1.2319
28,4,19,1.1345
28,4,19,1.3212
28,4,19,1.0533
28,4,19,1.2781
28,4,19,1.1872
28,4,19,1.2066
28,4,19,1.2626
28,4,19,1.1837
28,4,19,1.1702
28,4,19,0.993
28,4,19,1.145
28,4,19,1.1195
28,4,19,1.1821
28,4,19,1.1757
28,4,19,1.1079
28,4,19,1.0647
28,4,19,1.0439
28,4,19,1.0476
28,4,19,1.1111
28,4,19,1.1134
28,4,19,1.1066
28,4,19,1.0868
28,4,19,1.1655
28,4,19,0.9997
28,4,19,1.1679
28,4,19,0.9424
28,4,19,1.1075
28,4,19,1.0562
28,4,19,1.0037
28,3,19,0.541
28,3,19,0.5449
28,3,19,0.5261
28,3,19,0.5315
28,3,19,0.5321
28,3,19,0.5307
28,3,19,0.5279
28,3,19,0.5396
28,3,19,0.5268
28,3,19,0.5296
28,3,19,0.5155
28,3,19,0.5327
28,3,19,0.5293
28,3,19,0.5304
28,3,19,0.525
28,3,19,0.5229
28,3,19,0.5204
28,3,19,0.5269
28,3,19,0.5232
28,3,19,0.5267
28,3,19,0.5686
28,3,19,0.682
28,3,19,0.5442
28,3,19,0.6673
28,3,19,0.5349
28,3,19,0.6157
28,3,19,0.5391
28,3,19,0.6058
28,3,19,0.5281
28,3,19,0.5965
28,3,19,0.5477
28,3,19,0.5982
28,3,19,0.5335
28,3,19,0.6183
28,3,19,0.5733
28,3,19,0.6116
28,3,19,0.5629
28,3,19,0.6078
28,3,19,0.585
28,3,19,0.5854
28,3,19,0.4069
28,3,19,0.4744
28,3,19,0.4112
28,3,19,0.4821
28,3,19,0.4148
28,3,19,0.4847
28,3,19,0.4051
28,3,19,0.4727
28,3,19,0.419
28,3,19,0.4853
28,3,19,0.4079
28,3,19,0.492
28,3,19,0.417
28,3,19,0.4897
28,3,19,0.4171
28,3,19,0.4825
28,3,19,0.4182
28,3,19,0.4853
28,3,19,0.4179
28,3,19,0.4873
28,2,19,0.3494
28,2,19,0.3206
28,2,19,0.3405
28,2,19,0.3371
28,2,19,0.3404
28,2,19,0.357
28,2,19,0.333
28,2,19,0.3861
28,2,19,0.3476
28,2,19,0.3934
28,2,19,0.3297
28,2,19,0.3636
28,2,19,0.3107
28,2,19,0.314
28,2,19,0.3168
28,2,19,0.2711
28,2,19,0.3381
28,2,19,0.2787
28,2,19,0.3537
28,2,19,0.292
28,2,19,0.3445
28,2,19,0.3406
28,2,19,0.3491
28,2,19,0.3241
28,2,19,0.3878
28,2,19,0.3748
28,2,19,0.4179
28,2,19,0.3922
28,2,19,0.4001
28,2,19,0.4027
28,2,19,0.3697
28,2,19,0.3791
28,2,19,0.3414
28,2,19,0.3686
28,2,19,0.3252
28,2,19,0.3608
28,2,19,0.3516
28,2,19,0.3622
28,2,19,0.3699
28,2,19,0.4029
28,2,19,0.3374
28,2,19,0.2943
28,2,19,0.3145
28,2,19,0.2865
28,2,19,0.3138
28,2,19,0.3087
28,2,19,0.3263
28,2,19,0.3425
28,2,19,0.3488
28,2,19,0.3409
28,2,19,0.3724
28,2,19,0.3384
28,2,19,0.3559
28,2,19,0.341
28,2,19,0.3267
28,2,19,0.3533
28,2,19,0.312
28,2,19,0.3732
28,2,19,0.3142
28,2,19,0.3617
28,1,19,0.2231
28,1,19,0.2337
28,1,19,0.2778
28,1,19,0.217
28,1,19,0.2663
28,1,19,0.2224
28,1,19,0.2473
28,1,19,0.2507
28,1,19,0.2606
28,1,19,0.2469
28,1,19,0.2464
28,1,19,0.2251
28,1,19,0.2288
28,1,19,0.2272
28,1,19,0.26
28,1,19,0.258
28,1,19,0.2338
28,1,19,0.236
28,1,19,0.2349
28,1,19,0.2361
28,1,19,0.2135
28,1,19,0.2255
28,1,19,0.2211
28,1,19,0.2188
28,1,19,0.2143
28,1,19,0.2094
28,1,19,0.2205
28,1,19,0.2264
28,1,19,0.2184
28,1,19,0.2273
28,1,19,0.2147
28,1,19,0.2175
28,1,19,0.2229
28,1,19,0.2171
28,1,19,0.2138
28,1,19,0.2199
28,1,19,0.2188
28,1,19,0.2123
28,1,19,0.2145
28,1,19,0.2301
28,1,19,0.2124
28,1,19,0.2413
28,1,19,0.2217
28,1,19,0.2361
28,1,19,0.2235
28,1,19,0.2389
28,1,19,0.2329
28,1,19,0.2252
28,1,19,0.2275
28,1,19,0.2001
28,1,19,0.2489
28,1,19,0.214
28,1,19,0.2109
28,1,19,0.2126
28,1,19,0.2329
28,1,19,0.2282
28,1,19,0.2284
28,1,19,0.2131
28,1,19,0.2305
28,1,19,0.2355
20,9,23,3.5117
20,9,23,3.4083
20,9,23,3.4946
20,9,23,3.4002
20,9,23,3.3526
20,9,23,3.2933
20,9,23,3.3222
20,9,23,3.2598
20,9,23,3.3216
20,9,23,3.4813
20,9,23,3.445
20,9,23,3.4379
20,9,23,3.2137
20,9,23,3.2994
20,9,23,3.468
20,9,23,3.396
20,9,23,3.2758
20,9,23,3.4482
20,9,23,3.4601
20,9,23,3.3825
20,9,23,3.4599
20,9,23,3.3634
20,9,23,3.2818
20,9,23,3.0786
20,9,23,3.2178
20,9,23,3.4232
20,9,23,3.2391
20,9,23,3.1168
20,9,23,3.3326
20,9,23,3.3891
20,9,23,3.2324
20,9,23,3.1725
20,9,23,3.1958
20,9,23,3.2315
20,9,23,3.2148
20,9,23,3.1932
20,9,23,3.1812
20,9,23,3.3071
20,9,23,3.3209
20,9,23,3.22
20,9,23,3.2577
20,9,23,3.1605
20,9,23,3.1416
20,9,23,3.1667
20,9,23,3.1722
20,9,23,3.1622
20,9,23,3.074
20,9,23,3.2982
20,9,23,3.2529
20,9,23,3.203
20,9,23,3.0266
20,9,23,3.0881
20,9,23,3.316
20,9,23,3.1837
20,9,23,3.0364
20,9,23,3.237
20,9,23,3.2966
20,9,23,3.1391
20,9,23,3.0703
20,9,23,3.0689
20,8,23,3.0485
20,8,23,2.959
20,8,23,2.854
20,8,23,2.8386
20,8,23,2.7573
20,8,23,2.9148
20,8,23,2.8463
20,8,23,2.8424
20,8,23,3.0384
20,8,23,2.8921
20,8,23,2.7022
20,8,23,2.7605
20,8,23,2.9302
20,8,23,2.7996
20,8,23,2.9866
20,8,23,2.9359
20,8,23,2.8551
20,8,23,2.7831
20,8,23,2.7958
20,8,23,2.7582
20,8,23,2.9289
20,8,23,3.0042
20,8,23,2.9638
20,8,23,3.001
20,8,23,2.8782
20,8,23,2.8495
20,8,23,2.8327
20,8,23,2.926
20,8,23,2.8098
20,8,23,2.864
20,8,23,3.074
20,8,23,2.9918
20,8,23,2.7797
20,8,23,2.6461
20,8,23,2.9158
20,8,23,2.8857
20,8,23,2.9425
20,8,23,2.877
20,8,23,3.0037
20,8,23,2.8553
20,8,23,2.9598
20,8,23,2.9737
20,8,23,2.9216
20,8,23,2.8173
20,8,23,3.0366
20,8,23,2.919
20,8,23,2.9159
20,8,23,2.8364
20,8,23,2.8964
20,8,23,2.915
20,8,23,2.8833
20,8,23,3.079
20,8,23,3.1093
20,8,23,2.8765
20,8,23,2.6079
20,8,23,2.9388
20,8,23,2.9655
20,8,23,2.8757
20,8,23,2.8562
20,8,23,3.0029
20,7,23,2.5477
20,7,23,2.5385
20,7,23,2.3377
20,7,23,2.3271
20,7,23,2.3105
20,7,23,2.3433
20,7,23,2.3092
20,7,23,2.5435
20,7,23,2.4961
20,7,23,2.274
20,7,23,2.1184
20,7,23,2.4057
20,7,23,2.2885
20,7,23,2.4245
20,7,23,2.4349
20,7,23,2.3794
20,7,23,2.2612
20,7,23,2.3087
20,7,23,2.1907
20,7,23,2.336
20,7,23,2.3823
20,7,23,2.2882
20,7,23,2.306
20,7,23,2.2127
20,7,23,2.3529
20,7,23,2.3832
20,7,23,2.3716
20,7,23,2.4179
20,7,23,2.1812
20,7,23,2.3117
20,7,23,2.4264
20,7,23,2.3109
20,7,23,2.2496
20,7,23,2.4476
20,7,23,2.3707
20,7,23,2.3194
20,7,23,2.2799
20,7,23,2.3148
20,7,23,2.2165
20,7,23,2.237
20,7,23,2.3985
20,7,23,2.4052
20,7,23,2.4501
20,7,23,2.3268
20,7,23,2.3825
20,7,23,2.5712
20,7,23,2.4598
20,7,23,2.3018
20,7,23,2.2633
20,7,23,2.4435
20,7,23,2.2624
20,7,23,2.5442
20,7,23,2.5917
20,7,23,2.4395
20,7,23,2.3468
20,7,23,2.3902
20,7,23,2.3408
20,7,23,2.3663
20,7,23,2.4458
20,7,23,2.4523
20,6,23,1.9359
20,6,23,1.8556
20,6,23,1.8582
20,6,23,1.809
20,6,23,1.8807
20,6,23,1.9762
20,6,23,1.9341
20,6,23,1.8857
20,6,23,1.6866
20,6,23,1.9255
20,6,23,1.8295
20,6,23,1.9743
20,6,23,2.0009
20,6,23,1.9031
20,6,23,1.8285
20,6,23,1.8774
20,6,23,1.7354
20,6,23,1.8527
20,6,23,2.0133
20,6,23,1.9551
20,6,23,1.8726
20,6,23,2.0773
20,6,23,1.8368
20,6,23,1.7836
20,6,23,1.9497
20,6,23,1.8631
20,6,23,1.7192
20,6,23,2.0109
20,6,23,1.8886
20,6,23,1.8224
20,6,23,1.8281
20,6,23,1.8728
20,6,23,1.7921
20,6,23,1.8505
20,6,23,1.9271
20,6,23,1.7211
20,6,23,1.8543
20,6,23,1.9084
20,6,23,1.8567
20,6,23,1.8315
20,6,23,1.8147
20,6,23,2.1
20,6,23,1.9979
20,6,23,1.942
20,6,23,1.9253
20,6,23,1.9526
20,6,23,1.8486
20,6,23,1.9085
20,6,23,2.0956
20,6,23,1.8494
20,6,23,1.863
20,6,23,1.9608
20,6,23,1.8862
20,6,23,1.9118
20,6,23,2.0029
20,6,23,1.8866
20,6,23,1.8378
20,6,23,1.7713
20,6,23,1.8485
20,6,23,1.9292
20,5,23,1.4264
20,5,23,1.3816
20,5,23,1.3477
20,5,23,1.3621
20,5,23,1.3733
20,5,23,1.3557
20,5,23,1.3397
20,5,23,1.3259
20,5,23,1.3708
20,5,23,1.4429
20,5,23,1.3615
20,5,23,1.3053
20,5,23,1.3333
20,5,23,1.2979
20,5,23,1.3315
20,5,23,1.3518
20,5,23,1.3466
20,5,23,1.2695
20,5,23,1.401
20,5,23,1.3916
20,5,23,1.3004
20,5,23,1.4093
20,5,23,1.3196
20,5,23,1.3888
20,5,23,1.3844
20,5,23,1.3727
20,5,23,1.3478
20,5,23,1.3854
20,5,23,1.3319
20,5,23,1.4224
20,5,23,1.4078
20,5,23,1.3059
20,5,23,1.3434
20,5,23,1.3001
20,5,23,1.3847
20,5,23,1.434
20,5,23,1.3317
20,5,23,1.3841
20,5,23,1.34
20,5,23,1.292
20,5,23,1.4777
20,5,23,1.2669
20,5,23,1.3071
20,5,23,1.3392
20,5,23,1.3845
20,5,23,1.4021
20,5,23,1.2883
20,5,23,1.312
20,5,23,1.2724
20,5,23,1.2467
20,5,23,1.2995
20,5,23,1.4537
20,5,23,1.2399
20,5,23,1.2781
20,5,23,1.3013
20,5,23,1.3353
20,5,23,1.3737
20,5,23,1.2825
20,5,23,1.2914
20,5,23,1.2697
20,4,23,1.0653
20,4,23,1.1056
20,4,23,1.0594
20,4,23,1.1087
20,4,23,1.214
20,4,23,1.1002
20,4,23,1.078
20,4,23,1.072
20,4,23,1.1402
20,4,23,1.0381
20,4,23,1.0221
20,4,23,1.0625
20,4,23,1.0764
20,4,23,1.0832
20,4,23,1.1171
20,4,23,1.0726
20,4,23,1.1215
20,4,23,1.0903
20,4,23,0.9743
20,4,23,1.0494
20,4,23,1.1077
20,4,23,1.098
20,4,23,1.1649
20,4,23,1.076
20,4,23,1.0554
20,4,23,1.0997
20,4,23,1.0779
20,4,23,1.1435
20,4,23,1.1604
20,4,23,1.0788
20,4,23,1.2
20,4,23,1.1045
20,4,23,1.0577
20,4,23,1.0493
20,4,23,1.0784
20,4,23,1.0863
20,4,23,1.0504
20,4,23,1.1115
20,4,23,1.1551
20,4,23,1.1027
20,4,23,1.1337
20,4,23,1.0905
20,4,23,1.1254
20,4,23,1.1926
20,4,23,1.1081
20,4,23,1.1314
20,4,23,1.0362
20,4,23,1.1294
20,4,23,1.0966
20,4,23,1.1076
20,4,23,1.0634
20,4,23,1.1023
20,4,23,1.2207
20,4,23,1.134
20,4,23,1.0711
20,4,23,1.0965
20,4,23,1.1335
20,4,23,1.0548
20,4,23,1.0607
20,4,23,1.068
23,9,23,3.3014
23,9,23,3.7739
23,9,23,3.3671
23,9,23,3.6583
23,9,23,3.3468
23,9,23,3.7044
23,9,23,3.3788
23,9,23,3.7091
23,9,23,3.4419
23,9,23,3.5649
23,9,23,3.4692
23,9,23,3.593
23,9,23,3.5706
23,9,23,3.4665
23,9,23,3.5677
23,9,23,3.4328
23,9,23,3.6293
23,9,23,3.4674
23,9,23,3.6722
23,9,23,3.4472
23,9,23,3.5683
23,9,23,3.4437
23,9,23,3.552
23,9,23,3.4632
23,9,23,3.4518
23,9,23,3.4436
23,9,23,3.4285
23,9,23,3.4285
23,9,23,3.4215
23,9,23,3.4313
23,9,23,3.4232
23,9,23,3.4188
23,9,23,3.4293
23,9,23,3.346
23,9,23,3.4473
23,9,23,3.4156
23,9,23,3.431
23,9,23,3.3753
23,9,23,3.4388
23,9,23,3.3961
23,9,23,3.3026
23,9,23,3.3232
23,9,23,3.3276
23,9,23,3.2852
23,9,23,3.2899
23,9,23,3.2761
23,9,23,3.2755
23,9,23,3.2734
23,9,23,3.2661
23,9,23,3.3045
23,9,23,3.2821
23,9,23,3.2631
23,9,23,3.2276
23,9,23,3.2616
23,9,23,3.255
23,9,23,3.2867
23,9,23,3.2919
23,9,23,3.3395
23,9,23,3.3351
23,9,23,3.2843
23,8,23,2.9896
23,8,23,2.9626
23,8,23,2.9806
23,8,23,2.9481
23,8,23,2.9789
23,8,23,2.9756
23,8,23,2.9962
23,8,23,2.9727
23,8,23,2.999
23,8,23,3.0258
23,8,23,3.0008
23,8,23,2.9872
23,8,23,2.9978
23,8,23,3.0211
23,8,23,2.993
23,8,23,3.0207
23,8,23,3.0266
23,8,23,3.0331
23,8,23,3.0076
23,8,23,3.0145
23,8,23,3.0306
23,8,23,3.0013
23,8,23,2.9966
23,8,23,2.9504
23,8,23,3.0128
23,8,23,3.0017
23,8,23,3.0119
23,8,23,2.9899
23,8,23,2.9702
23,8,23,2.9495
23,8,23,2.974
23,8,23,2.9584
23,8,23,3.0083
23,8,23,2.9398
23,8,23,2.9211
23,8,23,2.9417
23,8,23,2.9607
23,8,23,2.9337
23,8,23,2.9497
23,8,23,2.9187
23,8,23,2.818
23,8,23,2.8077
23,8,23,2.8459
23,8,23,2.8007
23,8,23,2.7983
23,8,23,2.734
23,8,23,2.7554
23,8,23,2.7856
23,8,23,2.8419
23,8,23,2.7818
23,8,23,2.7996
23,8,23,2.8142
23,8,23,2.8289
23,8,23,2.8241
23,8,23,2.8047
23,8,23,2.7939
23,8,23,2.836
23,8,23,2.8172
23,8,23,2.8009
23,8,23,2.8002
23,7,23,2.331
23,7,23,2.7206
23,7,23,2.3024
23,7,23,2.7137
23,7,23,2.293
23,7,23,2.6911
23,7,23,2.2921
23,7,23,2.6212
23,7,23,2.2816
23,7,23,2.5495
23,7,23,2.3189
23,7,23,2.472
23,7,23,2.3526
23,7,23,2.4265
23,7,23,2.3854
23,7,23,2.3756
23,7,23,2.4378
23,7,23,2.3857
23,7,23,2.4424
23,7,23,2.3994
23,7,23,2.6077
23,7,23,2.35
23,7,23,2.5531
23,7,23,2.3437
23,7,23,2.5008
23,7,23,2.2738
23,7,23,2.4612
23,7,23,2.3191
23,7,23,2.4247
23,7,23,2.2466
23,7,23,2.4083
23,7,23,2.2679
23,7,23,2.4307
23,7,23,2.2581
23,7,23,2.4407
23,7,23,2.2871
23,7,23,2.5013
23,7,23,2.2545
23,7,23,2.4852
23,7,23,2.2766
23,7,23,2.44
23,7,23,2.4289
23,7,23,2.4178
23,7,23,2.356
23,7,23,2.3531
23,7,23,2.3336
23,7,23,2.3901
23,7,23,2.3758
23,7,23,2.3708
23,7,23,2.352
23,7,23,2.367
23,7,23,2.3701
23,7,23,2.4084
23,7,23,2.371
23,7,23,2.3714
23,7,23,2.4917
23,7,23,2.3797
23,7,23,2.53
23,7,23,2.404
23,7,23,2.5737
23,6,23,1.8226
23,6,23,2.0296
23,6,23,1.7356
23,6,23,1.9255
23,6,23,1.6908
23,6,23,1.8514
23,6,23,1.6405
23,6,23,1.7948
23,6,23,1.6196
23,6,23,1.8229
23,6,23,1.6357
23,6,23,1.834
23,6,23,1.6723
23,6,23,1.8379
23,6,23,1.7716
23,6,23,1.7674
23,6,23,1.8285
23,6,23,1.7725
23,6,23,1.8084
23,6,23,1.7678
23,6,23,1.673
23,6,23,1.9723
23,6,23,1.6117
23,6,23,1.8625
23,6,23,1.6295
23,6,23,1.7483
23,6,23,1.6783
23,6,23,1.7269
23,6,23,1.7432
23,6,23,1.8118
23,6,23,1.7951
23,6,23,1.9434
23,6,23,1.7235
23,6,23,2.0356
23,6,23,1.7208
23,6,23,2.0284
23,6,23,1.6902
23,6,23,1.8674
23,6,23,1.653
23,6,23,1.7535
23,6,23,2.0126
23,6,23,1.8874
23,6,23,2.1522
23,6,23,1.8708
23,6,23,2.2447
23,6,23,1.8368
23,6,23,2.2474
23,6,23,1.8455
23,6,23,2.1379
23,6,23,1.8997
23,6,23,1.9686
23,6,23,2.0017
23,6,23,1.891
23,6,23,2.0935
23,6,23,1.7754
23,6,23,2.0986
23,6,23,1.712
23,6,23,1.9342
23,6,23,1.7543
23,6,23,1.8066
23,5,23,1.2787
23,5,23,1.2093
23,5,23,1.2573
23,5,23,1.2352
23,5,23,1.2611
23,5,23,1.2951
23,5,23,1.2924
23,5,23,1.2622
23,5,23,1.287
23,5,23,1.3496
23,5,23,1.2926
23,5,23,1.3691
23,5,23,1.3402
23,5,23,1.3802
23,5,23,1.4066
23,5,23,1.2937
23,5,23,1.3564
23,5,23,1.3217
23,5,23,1.3203
23,5,23,1.3443
23,5,23,1.3926
23,5,23,1.3682
23,5,23,1.2765
23,5,23,1.3534
23,5,23,1.3165
23,5,23,1.3639
23,5,23,1.3715
23,5,23,1.2671
23,5,23,1.288
23,5,23,1.3375
23,5,23,1.3407
23,5,23,1.3838
23,5,23,1.3585
23,5,23,1.303
23,5,23,1.2657
23,5,23,1.2333
23,5,23,1.1619
23,5,23,1.3081
23,5,23,1.1603
23,5,23,1.2944
23,5,23,1.3431
23,5,23,1.156
23,5,23,1.3662
23,5,23,1.1971
23,5,23,1.317
23,5,23,1.234
23,5,23,1.2978
23,5,23,1.2558
23,5,23,1.236
23,5,23,1.3073
23,5,23,1.2956
23,5,23,1.2952
23,5,23,1.4396
23,5,23,1.2225
23,5,23,1.5022
23,5,23,1.219
23,5,23,1.3598
23,5,23,1.3228
23,5,23,1.2846
23,5,23,1.4523
23,4,23,0.8302
23,4,23,0.7472
23,4,23,0.8341
23,4,23,0.7636
23,4,23,0.8146
23,4,23,0.7932
23,4,23,0.9462
23,4,23,0.7622
23,4,23,0.8553
23,4,23,0.631
23,4,23,0.8081
23,4,23,0.6081
23,4,23,0.8052
23,4,23,0.7804
23,4,23,0.7978
23,4,23,0.8025
23,4,23,0.7792
23,4,23,0.7866
23,4,23,0.8467
23,4,23,0.7332
23,4,23,0.8034
23,4,23,0.9442
23,4,23,0.7248
23,4,23,0.9806
23,4,23,0.7807
23,4,23,0.8673
23,4,23,0.8969
23,4,23,0.7851
23,4,23,0.821
23,4,23,0.8057
23,4,23,0.8723
23,4,23,0.7901
23,4,23,0.9584
23,4,23,0.7482
23,4,23,0.831
23,4,23,0.6489
23,4,23,0.8403
23,4,23,0.7061
23,4,23,0.8383
23,4,23,0.8314
23,4,23,0.832
23,4,23,0.8139
23,4,23,0.8161
23,4,23,0.8121
23,4,23,0.8094
23,4,23,0.8976
23,4,23,0.7273
23,4,23,0.9497
23,4,23,0.7413
23,4,23,0.8555
23,4,23,0.8477
23,4,23,0.7665
23,4,23,0.8354
23,4,23,0.7563
23,4,23,0.8285
23,4,23,0.7811
23,4,23,0.9289
23,4,23,0.7592
23,4,23,0.8624
23,4,23,0.6612
23,3,23,0.4766
23,3,23,0.5096
23,3,23,0.3966
23,3,23,0.4883
23,3,23,0.4204
23,3,23,0.4749
23,3,23,0.4745
23,3,23,0.4626
23,3,23,0.4516
23,3,23,0.5474
23,3,23,0.4237
23,3,23,0.5375
23,3,23,0.4719
23,3,23,0.4552
23,3,23,0.4615
23,3,23,0.4727
23,3,23,0.4995
23,3,23,0.4544
23,3,23,0.4896
23,3,23,0.4068
23,3,23,0.4236
23,3,23,0.5671
23,3,23,0.4255
23,3,23,0.4823
23,3,23,0.4748
23,3,23,0.464
23,3,23,0.4772
23,3,23,0.4796
23,3,23,0.5297
23,3,23,0.4336
23,3,23,0.4991
23,3,23,0.4131
23,3,23,0.4827
23,3,23,0.4647
23,3,23,0.4668
23,3,23,0.4776
23,3,23,0.5351
23,3,23,0.4512
23,3,23,0.5902
23,3,23,0.4608
23,3,23,0.5182
23,3,23,0.4261
23,3,23,0.4992
23,3,23,0.4414
23,3,23,0.4708
23,3,23,0.4627
23,3,23,0.4679
23,3,23,0.4598
23,3,23,0.5586
23,3,23,0.4383
23,3,23,0.4861
23,3,23,0.4839
23,3,23,0.4663
23,3,23,0.4695
23,3,23,0.4685
23,3,23,0.5033
23,3,23,0.4424
23,3,23,0.4942
23,3,23,0.4275
23,3,23,0.4761
28,9,23,4.553
28,9,23,4.392
28,9,23,4.476
28,9,23,4.581
28,9,23,4.458
28,9,23,4.555
28,9,23,4.538
28,9,23,4.36
28,9,23,4.54
28,9,23,4.471
28,9,23,4.569
28,9,23,4.529
28,9,23,4.49
28,9,23,4.541
28,9,23,4.319
28,9,23,4.55
28,9,23,4.446
28,9,23,4.493
28,9,23,4.378
28,9,23,4.28
28,9,23,4.478
28,9,23,4.487
28,9,23,4.614
28,9,23,4.405
28,9,23,4.778
28,9,23,4.725
28,9,23,4.713
28,9,23,4.756
28,9,23,4.424
28,9,23,4.731
28,9,23,4.664
28,9,23,4.697
28,9,23,4.69
28,9,23,4.66
28,9,23,4.49
28,9,23,4.276
28,9,23,4.442
28,9,23,4.642
28,9,23,4.539
28,9,23,4.543
28,9,23,4.461
28,9,23,4.807
28,9,23,4.848
28,9,23,4.62
28,9,23,4.916
28,9,23,4.439
28,9,23,4.802
28,9,23,4.844
28,9,23,4.697
28,9,23,4.806
28,9,23,4.634
28,9,23,4.589
28,9,23,4.519
28,9,23,4.559
28,9,23,4.781
28,9,23,4.622
28,9,23,4.65
28,9,23,4.654
28,9,23,4.598
28,9,23,4.883
28,8,23,4.078
28,8,23,4.133
28,8,23,4.108
28,8,23,3.877
28,8,23,4.149
28,8,23,4.265
28,8,23,4.106
28,8,23,4.346
28,8,23,3.877
28,8,23,4.19
28,8,23,4.269
28,8,23,4.061
28,8,23,4.074
28,8,23,4.059
28,8,23,4.001
28,8,23,4.36
28,8,23,4.273
28,8,23,3.974
28,8,23,4.254
28,8,23,3.911
28,8,23,3.942
28,8,23,3.985
28,8,23,3.957
28,8,23,4.346
28,8,23,4.177
28,8,23,4.269
28,8,23,4.116
28,8,23,3.75
28,8,23,4.042
28,8,23,4.191
28,8,23,4.052
28,8,23,4.1
28,8,23,4.055
28,8,23,4.001
28,8,23,4.316
28,8,23,4.203
28,8,23,4.194
28,8,23,4.023
28,8,23,3.76
28,8,23,4.035
28,8,23,4.202
28,8,23,4.376
28,8,23,4.281
28,8,23,4.205
28,8,23,4.082
28,8,23,4.029
28,8,23,4.239
28,8,23,4.412
28,8,23,4.203
28,8,23,4.126
28,8,23,4.442
28,8,23,4.287
28,8,23,4.375
28,8,23,4.339
28,8,23,4.25
28,8,23,4.083
28,8,23,3.983
28,8,23,4.234
28,8,23,4.495
28,8,23,4.33
28,7,23,3.807
28,7,23,3.632
28,7,23,3.692
28,7,23,3.642
28,7,23,3.476
28,7,23,3.785
28,7,23,3.736
28,7,23,3.547
28,7,23,3.811
28,7,23,3.403
28,7,23,3.528
28,7,23,3.792
28,7,23,3.615
28,7,23,3.594
28,7,23,3.832
28,7,23,3.642
28,7,23,3.758
28,7,23,3.7
28,7,23,3.33
28,7,23,3.631
28,7,23,3.455
28,7,23,3.6
28,7,23,3.498
28,7,23,3.437
28,7,23,3.616
28,7,23,3.422
28,7,23,3.699
28,7,23,3.582
28,7,23,3.159
28,7,23,3.486
28,7,23,3.477
28,7,23,3.427
28,7,23,3.487
28,7,23,3.415
28,7,23,3.483
28,7,23,3.682
28,7,23,3.55
28,7,23,3.546
28,7,23,3.413
28,7,23,3.351
28,7,23,3.552
28,7,23,3.492
28,7,23,3.428
28,7,23,3.517
28,7,23,3.487
28,7,23,3.499
28,7,23,3.672
28,7,23,3.554
28,7,23,3.496
28,7,23,3.354
28,7,23,3.287
28,7,23,3.356
28,7,23,3.613
28,7,23,3.444
28,7,23,3.172
28,7,23,3.472
28,7,23,3.566
28,7,23,3.44
28,7,23,3.454
28,7,23,3.363
28,6,23,2.853
28,6,23,2.871
28,6,23,2.896
28,6,23,3.016
28,6,23,2.998
28,6,23,2.897
28,6,23,2.79
28,6,23,3.099
28,6,23,3.112
28,6,23,2.574
28,6,23,2.921
28,6,23,2.92
28,6,23,2.846
28,6,23,2.722
28,6,23,2.996
28,6,23,2.983
28,6,23,2.961
28,6,23,2.939
28,6,23,2.909
28,6,23,2.78
28,6,23,2.85
28,6,23,3.083
28,6,23,2.927
28,6,23,2.984
28,6,23,2.825
28,6,23,2.882
28,6,23,3.05
28,6,23,2.857
28,6,23,2.969
28,6,23,2.697
28,6,23,2.767
28,6,23,2.86
28,6,23,2.826
28,6,23,2.834
28,6,23,3.038
28,6,23,2.937
28,6,23,2.917
28,6,23,2.79
28,6,23,3.026
28,6,23,3.005
28,6,23,2.948
28,6,23,3.147
28,6,23,2.906
28,6,23,2.88
28,6,23,2.995
28,6,23,3.142
28,6,23,2.99
28,6,23,2.715
28,6,23,2.922
28,6,23,3.054
28,6,23,2.871
28,6,23,2.856
28,6,23,3.113
28,6,23,2.954
28,6,23,2.979
28,6,23,2.886
28,6,23,2.817
28,6,23,3.025
28,6,23,2.941
28,6,23,3.002
28,5,23,2.008
28,5,23,2.032
28,5,23,2.178
28,5,23,2.006
28,5,23,2.133
28,5,23,2.131
28,5,23,2.057
28,5,23,1.891
28,5,23,2.074
28,5,23,2.227
28,5,23,2.048
28,5,23,2.008
28,5,23,2.286
28,5,23,2.124
28,5,23,2.101
28,5,23,1.968
28,5,23,2.159
28,5,23,2.047
28,5,23,1.93
28,5,23,2.138
28,5,23,1.996
28,5,23,2.191
28,5,23,2.076
28,5,23,2.179
28,5,23,1.977
28,5,23,2.079
28,5,23,2.202
28,5,23,1.902
28,5,23,2.064
28,5,23,2.111
28,5,23,2.076
28,5,23,1.958
28,5,23,2.012
28,5,23,2.028
28,5,23,2.006
28,5,23,2.09
28,5,23,2.041
28,5,23,2.059
28,5,23,2.078
28,5,23,2.098
28,5,23,2.249
28,5,23,2.215
28,5,23,2.434
28,5,23,2.408
28,5,23,2.317
28,5,23,2.44
28,5,23,2.529
28,5,23,2.455
28,5,23,2.329
28,5,23,2.399
28,5,23,2.411
28,5,23,2.262
28,5,23,2.294
28,5,23,2.437
28,5,23,2.458
28,5,23,2.317
28,5,23,2.186
28,5,23,2.241
28,5,23,2.32
28,5,23,2.438
28,4,23,1.473
28,4,23,1.216
28,4,23,1.354
28,4,23,1.423
28,4,23,1.363
28,4,23,1.172
28,4,23,1.28
28,4,23,1.181
28,4,23,1.265
28,4,23,1.305
28,4,23,1.364
28,4,23,1.415
28,4,23,1.325
28,4,23,1.266
28,4,23,1.46
28,4,23,1.334
28,4,23,1.45
28,4,23,1.309
28,4,23,1.377
28,4,23,1.217
28,4,23,1.408
28,4,23,1.277
28,4,23,1.256
28,4,23,1.436
28,4,23,1.083
28,4,23,1.365
28,4,23,1.336
28,4,23,1.369
28,4,23,1.32
28,4,23,1.345
28,4,23,1.108
28,4,23,1.237
28,4,23,1.226
28,4,23,1.331
28,4,23,1.444
28,4,23,1.257
28,4,23,1.357
28,4,23,1.332
28,4,23,1.239
28,4,23,1.509
28,4,23,1.22
28,4,23,1.385
28,4,23,1.178
28,4,23,1.372
28,4,23,1.289
28,4,23,1.164
28,4,23,1.37
28,4,23,1.157
28,4,23,1.289
28,4,23,1.303
28,4,23,1.334
28,4,23,1.09
28,4,23,1.152
28,4,23,1.097
28,4,23,1.154
28,4,23,1.314
28,4,23,1.271
28,4,23,1.352
28,4,23,1.198
28,4,23,1.227
28,3,23,0.647
28,3,23,0.511
28,3,23,0.613
28,3,23,0.533
28,3,23,0.6
28,3,23,0.58
28,3,23,0.611
28,3,23,0.644
28,3,23,0.617
28,3,23,0.746
28,3,23,0.661
28,3,23,0.736
28,3,23,0.636
28,3,23,0.73
28,3,23,0.653
28,3,23,0.677
28,3,23,0.674
28,3,23,0.642
28,3,23,0.713
28,3,23,0.641
28,3,23,0.672
28,3,23,0.684
28,3,23,0.6
28,3,23,0.671
28,3,23,0.553
28,3,23,0.622
28,3,23,0.523
28,3,23,0.608
28,3,23,0.537
28,3,23,0.608
28,3,23,0.585
28,3,23,0.611
28,3,23,0.647
28,3,23,0.625
28,3,23,0.739
28,3,23,0.667
28,3,23,0.728
28,3,23,0.642
28,3,23,0.707
28,3,23,0.684
28,3,23,0.738
28,3,23,0.63
28,3,23,0.713
28,3,23,0.673
28,3,23,0.7
28,3,23,0.657
28,3,23,0.694
28,3,23,0.623
28,3,23,0.67
28,3,23,0.582
28,3,23,0.638
28,3,23,0.53
28,3,23,0.617
28,3,23,0.502
28,3,23,0.605
28,3,23,0.533
28,3,23,0.589
28,3,23,0.558
28,3,23,0.6
28,3,23,0.631
28,2,23,0.391
28,2,23,0.423
28,2,23,0.379
28,2,23,0.401
28,2,23,0.362
28,2,23,0.393
28,2,23,0.349
28,2,23,0.376
28,2,23,0.347
28,2,23,0.347
28,2,23,0.356
28,2,23,0.333
28,2,23,0.366
28,2,23,0.306
28,2,23,0.367
28,2,23,0.306
28,2,23,0.377
28,2,23,0.32
28,2,23,0.373
28,2,23,0.335
28,2,23,0.399
28,2,23,0.376
28,2,23,0.414
28,2,23,0.367
28,2,23,0.415
28,2,23,0.361
28,2,23,0.418
28,2,23,0.358
28,2,23,0.407
28,2,23,0.357
28,2,23,0.404
28,2,23,0.354
28,2,23,0.403
28,2,23,0.367
28,2,23,0.403
28,2,23,0.378
28,2,23,0.392
28,2,23,0.38
28,2,23,0.39
28,2,23,0.379
28,2,23,0.369
28,2,23,0.348
28,2,23,0.347
28,2,23,0.354
28,2,23,0.328
28,2,23,0.361
28,2,23,0.311
28,2,23,0.362
28,2,23,0.314
28,2,23,0.371
28,2,23,0.333
28,2,23,0.381
28,2,23,0.343
28,2,23,0.391
28,2,23,0.357
28,2,23,0.401
28,2,23,0.359
28,2,23,0.404
28,2,23,0.355
28,2,23,0.418
28,1,23,0.204
28,1,23,0.195
28,1,23,0.195
28,1,23,0.212
28,1,23,0.193
28,1,23,0.23
28,1,23,0.212
28,1,23,0.23
28,1,23,0.218
28,1,23,0.223
28,1,23,0.231
28,1,23,0.213
28,1,23,0.235
28,1,23,0.197
28,1,23,0.224
28,1,23,0.213
28,1,23,0.212
28,1,23,0.218
28,1,23,0.187
28,1,23,0.192
28,1,23,0.209
28,1,23,0.214
28,1,23,0.207
28,1,23,0.203
28,1,23,0.215
28,1,23,0.2
28,1,23,0.222
28,1,23,0.19
28,1,23,0.22
28,1,23,0.206
28,1,23,0.201
28,1,23,0.202
28,1,23,0.184
28,1,23,0.184
28,1,23,0.193
28,1,23,0.18
28,1,23,0.215
28,1,23,0.186
28,1,23,0.218
28,1,23,0.202
28,1,23,0.198
28,1,23,0.227
28,1,23,0.211
28,1,23,0.192
28,1,23,0.198
28,1,23,0.188
28,1,23,0.191
28,1,23,0.204
28,1,23,0.184
28,1,23,0.223
28,1,23,0.202
28,1,23,0.215
28,1,23,0.205
28,1,23,0.205
28,1,23,0.209
28,1,23,0.193
28,1,23,0.219
28,1,23,0.187
28,1,23,0.213
28,1,23,0.197
